id,name,source_soil
HC_GEN0001,Clay HF180,HC.SOL
HC_GEN0002,Clay HF120,HC.SOL
HC_GEN0003,Clay HF060,HC.SOL
HC_GEN0004,Clay MF180,HC.SOL
HC_GEN0005,Clay MF120,HC.SOL
HC_GEN0006,Clay MF060,HC.SOL
HC_GEN0009,Clay LF060,HC.SOL
HC_GEN0010,Loam HF180,HC.SOL
HC_GEN0011,Loam HF120,HC.SOL
HC_GEN0012,Loam HF060,HC.SOL
HC_GEN0013,Loam MF180,HC.SOL
HC_GEN0014,Loam MF120,HC.SOL
HC_GEN0015,Loam MF060,HC.SOL
HC_GEN0016,Loam LF180,HC.SOL
HC_GEN0017,Loam LF120,HC.SOL
HC_GEN0018,Loam LF060,HC.SOL
HC_GEN0019,Sand HF180,HC.SOL
HC_GEN0020,Sand HF120,HC.SOL
HC_GEN0021,Sand HF060,HC.SOL
HC_GEN0022,Sand MF180,HC.SOL
HC_GEN0023,Sand MF120,HC.SOL
HC_GEN0024,Sand MF060,HC.SOL
HC_GEN0025,Sand LF180,HC.SOL
HC_GEN0026,Sand LF120,HC.SOL
HC_GEN0027,Sand LF060,HC.SOL
